(Do Not Modify) Account,(Do Not Modify) Row Checksum,(Do Not Modify) Modified On,Account Name,Main Phone,City,Street 1,Street 2,State/Province,County,Country/Region,Business Type
3db6fe37-636a-f111-ab0e-00224805fad6,HafA7r+CvfxlocQ+7ZxHK8SGEk3uisyAEY4JgZbzBnuOvq5DLLJYJkvttPmQW9VtxUbdzaX29JcWLaimhkzzNQ==,2026-08-10 20:50:09,Philabundance,(991) 9554157,Philadelphia,3616 S Galloway Street,,PA,Philadelphia,United States,Non-Profit
034e0f94-b05e-f111-a826-00224805f03e,Er2AxyZpJoLTnBY6cUejnMJH1lXtzKSeK/cBEGkbUOofi29YGANpoDGnU4IuLWUhZGSInl+RGm7tnATeGqf9pA==,2026-08-10 20:39:11,Share Food Program,+1 820 808 8338,Philadelphia,2901 W Hunting Park Avenue,,PA,Philadelphia,United States,Non-Profit
4fba4ac9-1a5a-f111-a826-00224805f122,W4xnW5Mh0POCIrrwhQkoZ6u4If2EZx3eUjCBY0Qbh/4kgOEQpJ7iR8o0cnhJ/+SHkn8Vw+HHidyBRwRmxrXv1A==,2026-08-10 20:49:01,Chester County Food Bank,(369) 3008771,Exton,650 Pennsylvania Drive,,PA,Chester,United States,Non-Profit
e9cc6f3c-ee94-f111-b8dc-000d3a3408fb,74i/J/G79NK0jazIBeJJlJz+tO3mf8GUuLNxq856lA6yvRcSFarXgG604yHhDESpGg+5eFeEoHHx57R26BtXuA==,2026-08-10 20:39:10,Helping Harvest Food Bank,,Reading,117 Morgan Drive,,PA,Berks,United States,Non-Profit
006dd086-125a-f111-a825-7ced8d711c90,YIkPPqupUnRCJ712QwcVFuZyy1GkHaI7wbd/hi+mf8jJxfR8vuFHYEm4To5W9swBjS2tYvt5q4lV11ItDbJPmg==,2026-08-10 20:48:25,York County Food Bank,(770) 5498514,York,254 W Princess Street,,PA,York,United States,Non-Profit
729a61e1-135a-f111-a825-00224805f705,FQX8EgIPUdBDkCgewNqF9/9cXv8hTA0cRk7C5QnTAKn+VA3MPnnWx/XpcAE6TxrNJKnPF6h3Y4+6KEUbiEU+uQ==,2026-08-10 20:49:41,Lancaster County Food Hub,(101) 2643147,Lancaster,812 N Queen Street,,PA,Lancaster,United States,Non-Profit
b7a12e57-145a-f111-a825-00224805f705,FFX4/tulBIbzfsM+eSKC9jby7Iq4kzWSphBBmkL20gaGNSz5ZtFOGFhJgrKD5pYv0gtz0eogcOdcf1JEOCQVfA==,2026-08-10 20:48:25,Bethesda Mission Community Food Program,(901) 2756405,Harrisburg,611 Reily Street,,PA,Dauphin,United States,Non-Profit
6b7bc8e4-546e-f111-9b47-6045bd484aff,6C9ZowvS4JwEsSR6VHdm8KGQGquvKlYg6rOLXMzIpEWnE2AygjsxJfreJhO08hid1b0REuJOLNgYx4duK9t/mQ==,2026-08-10 20:49:01,Downtown Daily Bread,(602) 7636425,Harrisburg,310 N 3rd Street,,PA,Dauphin,United States,Non-Profit
d0feb6cd-135a-f111-a825-00224805f705,VLCuB7EqlctN5TSUPhApL8FzcaYxX7axEyzd2q5TGtR2DagP02h/90VNs25e2mR2rRhPY4WrWXaB/ohFq3kp+g==,2026-08-10 20:49:41,Hershey Food Bank and Community Outreach,(123) 5051581,Hershey,120 E Derry Road,,PA,Dauphin,United States,Non-Profit
5dd558e7-135a-f111-a825-00224805f705,r7l3nToclU6ZM1TUJ1jDT4e+DHIYDEW45b7CY5IAqw7Tz7DYoaIg9Bjk59rPUYhCbuV8fOgu9FTKqM4d4g9Gfg==,2026-08-10 20:49:01,New Hope Ministries,(754) 8766823,Dillsburg,99 W Church Street,,PA,York,United States,Non-Profit
7222d402-f55d-f111-a826-00224805f2e4,LbPV+0B9axQ0swdk++e8NS9b3Wg/KcIH0ugHRGuiCypeKT8gM/jUSP6SvAbDQ9GL+tCe107cxocCXkkxE2mI3A==,2026-08-10 20:49:02,Water Street Mission Food Distribution,(811) 7942500,Lancaster,210 S Prince Street,,PA,Lancaster,United States,Non-Profit
54ac148d-b65e-f111-a826-00224805fad6,rWK7Yeujm57GrcwiUj86T14IoyiWYUkCwKqTMUg9k4C7cBCSJszMi10CPwG+mJ+9TBKDhQhTE9kZcKK+cvY6eA==,2026-08-10 20:48:25,Food Bank of Delaware,+1 505 427 8987,Newark,222 Lake Drive,,DE,New Castle,United States,Non-Profit
b9c7213c-ee94-f111-b8dc-000d3a340c29,KGbQ8xzi9jR06CLINE8tyO1+wbnhkKlRuAXxVXkkSIgdGUbayWwuuysqJsbtXcdrLaV/ibRlVvUMc+OATAFe1w==,2026-08-10 20:39:10,Maryland Food Bank,,Baltimore,2200 Halethorpe Farms Road,,MD,Baltimore,United States,Non-Profit
669ddb12-ba91-f111-b8dc-000d3a340c29,VE1AC9F1T/MfsmOXHGu9noPrrJk9TFm1k81M20TxA7F4kOkHZcR9+um6Sbfpb0bfQoYXjQpC7sPPuOh4CEaN0g==,2026-08-10 20:39:10,Central Pennsylvania Food Bank,717-564-1700,Harrisburg,3908 Corey Road,,PA,Dauphin,United States,Non-Profit
a6d658e7-135a-f111-a825-00224805f705,/z+3yAnRvSUzmKIfMwvFHeQlcLOOQd9Gs8mSycOSL1OwMRxD2sokzzQZ0Oc7lmWG/Tyr5IsKZm6kdi8R1g6dTQ==,2026-08-10 20:49:41,Food Bank of South Jersey,(963) 3269812,Pennsauken,1501 John Tipton Boulevard,,NJ,Camden,United States,Non-Profit
d1feb6cd-135a-f111-a825-00224805f705,s03vQdgCBckjy8vxGK+HdfO/zUssn+Nn504FhhqJWtSW5i8hQR03oBOc2ygHpTTNpr8Lc21UJvKMo1ufSAKd/g==,2026-08-10 20:47:45,Community FoodBank of New Jersey,(277) 297-2879,Hillside,31 Evans Terminal,,NJ,Union,United States,Non-Profit
f26cd086-125a-f111-a825-7ced8d711c90,0bgnJ7Du1qPFzuY6cZkaTbxqNHmk8jZYh8NX0seK5yTioqlqu/D+smzGJ63Pmc4sgpG3TpNOIclRCBpZXK1Igw==,2026-08-10 20:49:41,Capital Area Food Bank,(939) 4631107,Washington,4900 Puerto Rico Avenue NE,,DC,District of Columbia,United States,Non-Profit
b7f4ca47-826b-f111-9b47-6045bd484aff,1YRSJTmhtByF44mcd87AgL+RySZVP6mwAyLR+42LTG3hVdh4eZNbgKTW72nHco4siLTBMxw/9N/W7gdI+KtU5w==,2026-08-10 20:47:46,Frederick County Food Bank,,Frederick,14 E All Saints Street,,MD,Frederick,United States,Non-Profit
c89961e1-135a-f111-a825-00224805f705,OjdAjAuDvsiFTo1yNo0BMJqtRpYFLNmfnDDFGw2JcMwS/CTfLkLFTTrXFk2p0rbtNSdgcy/yjYsnAVaAufLfTQ==,2026-08-10 20:49:41,Greater Pittsburgh Community Food Bank,(803) 8281854,Duquesne,1 N Linden Street,,PA,Allegheny,United States,Non-Profit
cc9961e1-135a-f111-a825-00224805f705,TlfUHgdNmyScnTe55zbzhWooymCM5S2gdocYBguA843aL+8cQQjTWvF3KXcYMkDsB+HwBbsV7ymte7TR4s1pRA==,2026-08-10 20:47:46,Greater Washington County Food Bank,(818) 7981100,Brownsville,909 National Pike W,,PA,Washington,United States,Non-Profit
6027f9e2-1a5a-f111-a826-00224805f122,FWS9J5+HFroV2rZnnxydwN3ZUCYQRbyRQ6Dgak3B85EOCQ7Qa0AQAyByQqUZ7Sj/wEZyMBdBv/Ww172rvONSUA==,2026-08-10 20:49:41,Second Harvest Food Bank of Lehigh Valley and Northeast Pennsylvania,(773) 6890177,Nazareth,6969 Silver Crest Road,,PA,Northampton,United States,Non-Profit
d092cbd9-bb5e-f111-a826-00224805fad6,AUjAGoTsVHUVVmP0YEl1+U7OyJXknD8aQHPlxvvJrom7nrvNCD0LBm3u9/0Cucw9Sf9YEXV2+fdT4qlyRu4auQ==,2026-08-10 20:47:45,Weinberg Northeast Regional Food Bank,+39 380 558 4005,Pittston,185 Research Drive,,PA,Luzerne,United States,Non-Profit
04a84fee-9992-f111-b8dc-000d3a340079,YMQpylXAFK0QYm0hdk/HNRgc1ysKYFvyNwgeIkP4l0B79iYQlbB36sv86g7lwjTGCzQEKymU8yTPjJBJREszgg==,2026-08-10 20:39:11,Westmoreland Food Bank,800-123-1231,Delmont,100 Devonshire Drive,,PA,Westmoreland,United States,Non-Profit
ce9961e1-135a-f111-a825-00224805f705,C4NUDpjbeKkO8QTOEklvDJfhNPJOvPwyW3vty9fbBc9Jg+DhBNpR2uOBJr2cupsxq3VDv5a4IZIEqfl1PYDV5w==,2026-08-10 20:47:46,Greater Cleveland Food Bank,(626) 1481272,Cleveland,13815 Coit Road,,OH,Cuyahoga,United States,Non-Profit
abd658e7-135a-f111-a825-00224805f705,6n3MEA9eB24aaFcCnh5FdqQ4jQPFEiNYngokAJXYqxuMnaic8vdCpiXAXmX+ksIq792U3yAuG8mrck4OCZrpEw==,2026-08-10 20:47:46,Mid-Ohio Food Collective,(182) 2336966,Grove City,3960 Brookham Drive,,OH,Franklin,United States,Non-Profit
eb196d81-187a-f111-ab0e-000d3a3408fb,vfdQcgs+KDzlgmhEHP+/xFWC3bb1Ogbpn9ilt2RQl4xLTOEM6Mx5qrECEgUecsB9vdjr+gPf9cBx+fxHR7bQdQ==,2026-08-10 20:39:11,Freestore Foodbank,206-555-1010,Cincinnati,1141 Central Parkway,,OH,Hamilton,United States,Non-Profit
9abebc72-8966-f111-ab0d-00224805fad6,IgCYe85aWNiCLeEr9Mjceb88duKvVAyy0pxnhUAMPGzUX/xl1WterMNT1F/irHRLQgZwhGZDb8PEZ7+WuSYG3A==,2026-08-10 20:47:46,Food Bank of the Southern Tier,(208) 573-0919,Elmira,388 Upper Oakwood Avenue,,NY,Chemung,United States,Non-Profit
219b61e1-135a-f111-a825-00224805f705,ErR7+HsX8w1GWiZrcHHuEJMNBe0H52JSMTTLXv0NSRfjrNH0hpFuTEZpuaWUXhR264lFAaFynw+1nPnC6SDhnw==,2026-08-10 20:49:41,Food Bank For New York City,(970) 4960115,Bronx,355 Food Center Drive,,NY,Bronx,United States,Non-Profit
5307b43e-145a-f111-a825-00224805f705,Obf/oD13ib9aezPHj8hWCXMtlAHQbjIX1wpg/ek6OoheC5C9C7iTXh+51eIlhplSiEDCnh/v+q/00MlmXWD6pA==,2026-08-10 20:47:45,City Harvest,(320) 892-6599,Brooklyn,150 52nd Street,,NY,Kings,United States,Non-Profit
055e7839-ee94-f111-b8db-000d3a340666,Eyk5Wki8plnVLLUyWbZS0RvRpSSGmWBpI8waUEpiqkbkk3FRXJd+cBXwGpH7aK+ltTS+DVRXf8JXUIftnIpkAg==,2026-08-10 20:39:10,Regional Food Bank of Northeastern New York,,Latham,965 Albany Shaker Road,,NY,Albany,United States,Non-Profit
f64cd9b8-195a-f111-a826-00224805f122,jU/ZRnl7FPhtOprq5qLfr4fW4+9ts1oNXhcKSGJD9s9ap60v2Fy8Fdeq6NSPSyQkJyaeMqdSZUsSrDZ6ewHG/g==,2026-08-10 20:47:46,Feeding Westchester,(468) 5395454,Elmsford,200 Clearbrook Road,,NY,Westchester,United States,Non-Profit
fa6cd086-125a-f111-a825-7ced8d711c90,YmNdBlRM+IX8VC2ZnsgdQFjlsuv7z7xOD2E038b/+QlHx2u6M/WX8nSonhMkrKbsFpqQU4JAPHHZim337etJPw==,2026-08-10 20:47:46,Connecticut Foodshare,(611) 791-6948,Wallingford,2 Research Parkway,,CT,New Haven,United States,Non-Profit
b7c7213c-ee94-f111-b8dc-000d3a340c29,Zq8VKHyP3Wp0BILi7tvJaP0BrU8zt3dgwIqcJUXthahf1xSnHwQeSRZW2O81c5+9C/AilR3DOTnJTkdh5SeVIg==,2026-08-10 20:39:10,Rhode Island Community Food Bank,,Providence,200 Niantic Avenue,,RI,Providence,United States,Non-Profit
416297b3-d86f-f111-9b48-000d3a3d3872,c5EmIrnaRdkuxqVMJ6aKJbwidvtQ6EZa5u4efDHIEf6pOLY02iz1KhaHF5qIsmgoj6Tmb7fvHCrlJ+6cy/3Hag==,2026-08-10 20:39:10,Greater Boston Food Bank,(540) 904-8084,Boston,70 S Bay Avenue,,MA,Suffolk,United States,Non-Profit
4356b259-195a-f111-a826-00224805f122,o1n7kkuHs+3P2BPW4fjZkUyvnAKQksIi9PWZ3g+LDZGmHn51zWW5DCHSA/nDxsTm4Wp0Eeuj1S3rVEHFWYtAJg==,2026-08-10 20:47:45,Vermont Foodbank,(608) 731-5354,Barre,33 Parker Road,,VT,Washington,United States,Non-Profit
e5137bce-8663-f111-ab0d-00224805f8ba,XU951n8M0yvrhw0PyB5X3NDPXfH4A03Hbyd+jYOh0Fjj8CSHMiGxDNqh2uT/MQWva6cKbr4nb10isjm9CPSbsw==,2026-08-10 20:49:41,New Hampshire Food Bank,+44 239 847 9595,Manchester,700 East Industrial Park Drive,,NH,Hillsborough,United States,Non-Profit
51351a42-ee94-f111-b8dc-000d3a340c29,KHU0NO83A2f5BXt16xujEtHblnF+gU5rd1eU59BxBIbBjsMhmM5ifC7hNbbaD5JOqIx6nFsLccy94Ol5SADfbQ==,2026-08-10 20:39:11,Good Shepherd Food Bank,,Auburn,3121 Hotel Road,,ME,Androscoggin,United States,Non-Profit
11866b70-7f6b-f111-9b47-6045bd484aff,fm6p01D+TmvHgNhETwQD+sGtzBtBVMZyvqaT3xFaE2+No6w3KDjQG4TYMayRWu7Dda4qPaN3oTnou1opzk4GvQ==,2026-08-10 20:47:45,Feed More WNY,,Buffalo,100 James E Casey Drive,,NY,Erie,United States,Non-Profit
dcd574d1-635f-f111-a826-00224805fc48,QyGZjgzY5itXkCHWkhNr2bS20HCISqzwD96zh83yLi1nHDD9TnPzQRRziWkJ2O10oVp5a36eV654KbZukrs6iw==,2026-08-10 20:47:45,Foodlink,(480) 642-6552,Rochester,1999 Mount Read Boulevard,,NY,Monroe,United States,Non-Profit
f66cd086-125a-f111-a825-7ced8d711c90,WFiBkatqyVdPKEEavnsVOC4kX+DzDve8yP7PoQzORB7+lhMWr83WfZVF1GIOWlURX3P/cJ3fSilxB44KfWJe/w==,2026-08-10 20:49:41,Central New York Food Bank,(368) 9101218,Syracuse,7066 Interstate Island Road,,NY,Onondaga,United States,Non-Profit
d2feb6cd-135a-f111-a825-00224805f705,q3Exqwcb/v2LmC4J/FPW3+uwwIJxMtFbzTh0x+b82fDT8KA6ZIOagnNT3nCtwmadXqO2C6xYVi3CewdhkwuIzQ==,2026-08-10 20:47:46,Blue Ridge Area Food Bank,(517) 7617869,Verona,96 Laurel Hill Road,,VA,Augusta,United States,Non-Profit
ca9961e1-135a-f111-a825-00224805f705,eIK062dK4L+NJ1cbSojNF1CdTsWuUwIZojJ1QPeS4OwcPJR6XpoYfHjsq04bXQbF+PAEMH4u9AWBXkIIbDjDhw==,2026-08-10 20:49:41,Feed More Virginia,(297) 5555129,Richmond,1415 Rhoadmiller Street,,VA,Richmond,United States,Non-Profit
bb0154bd-1a5a-f111-a826-00224805f122,aHVDC5cx8NvZ2NQ7/bcPp+uIpy8HE/3sQQuk81Gl0mEDMNULsW+uzZs9UHNXjqqPia0IwtXjMN7zvmgnRmELQQ==,2026-08-10 20:47:45,Foodbank of Southeastern Virginia and the Eastern Shore,(929) 759-6069,Norfolk,800 Tidewater Drive,,VA,Norfolk,United States,Non-Profit
e0b69c45-d569-f111-ab0e-00224805f8ba,NEwp3vdWAqs7jQEJ3u9lRqURSmaZus9dL8dtJOsYlwjQQRU9kSjNrKjdMddh/DI0bB4sXFm71K4/UWmSUvH7jQ==,2026-08-10 20:49:41,Manna Food Center,+1 540 863 5532,Gaithersburg,9311 Gaither Road,,MD,Montgomery,United States,Non-Profit
b4cea450-cb0c-ea11-a813-000d3a1b1223,bpUdFgD7QrsRSXZC7vqk2offtjJpfclluV4+XFfVp6grvRNGwDsksa7oXE8cKMdZXQnOA62W8Hsmxi0lcbU5dg==,2026-08-10 20:39:10,Dare to Care Food Bank,(346) 3614739,Louisville,5803 Fern Valley Road,,KY,Jefferson,United States,Non-Profit
9a7ed133-eb5d-f111-a826-00224805f8a7,N3u7HREbWgFZgr1w5k1GXdtRsvVfqodymEPFMGIdvQLZGeoWAtZKH1WP5Q2bjBVD4GEod91aGcJYbsD2pz3JUA==,2026-08-10 20:47:46,Gods Pantry Food Bank,(906) 751-1498,Lexington,1685 Jaggie Fox Way,,KY,Fayette,United States,Non-Profit
58d858e7-135a-f111-a825-00224805f705,N/NIQYdr61oH8KlxHqwJpv+fhoLCNg0uPDPBwhcLW4liCBuzaF4a4pL+camazyhYoidX9YNYm1NKkoblKS+LDA==,2026-08-10 20:49:02,Feeding America Eastern Wisconsin,(913) 8100795,Milwaukee,1700 W Fond du Lac Avenue,,WI,Milwaukee,United States,Non-Profit
340251ed-135a-f111-a825-00224805f705,a/ZAHQGOVzgT+DpddGRkx4OdgNyKABieK1127bzvgTb+x5ALC39a/splNBwuHKejz2jMSoGKY9svf/yZAJxPNQ==,2026-08-10 20:50:10,Greater Chicago Food Depository,(387) 9575547,Chicago,4100 W Ann Lurie Place,,IL,Cook,United States,Non-Profit
74d558e7-135a-f111-a825-00224805f705,zgcFJ40DESeLJoNf4UW92EEsSMqcLFIRUktOa0XTiuGKpKb1l4CeMDE5sHi+9NcuLkFHJI6GFhy6EIbbPZmu5Q==,2026-08-10 20:49:41,Northern Illinois Food Bank,(727) 9979404,Geneva,273 Dearborn Court,,IL,Kane,United States,Non-Profit
8c0251ed-135a-f111-a825-00224805f705,syyPdOofTCRme66ZegsZNaJ17D6I5o3dzxOX/q+paGyk73hDZPNAOIWz2MKPvUbwBNvBb30yEFvebQBzNPFBzQ==,2026-08-10 20:48:25,Gleaners Community Food Bank,(146) 7955716,Detroit,2131 Beaufait Street,,MI,Wayne,United States,Non-Profit
aba5c66e-ed5d-f111-a826-00224805f8a7,wCOFd0sEG0PCpdxw+9F6jzMlqzjotu6/12SthrRCVkz/SKM5yo7I50f8w3FsRnr4LTHkPzGj4thZn/4POrfdpA==,2026-08-10 20:48:25,Forgotten Harvest,(254) 1489522,Oak Park,21800 Greenfield Road,,MI,Oakland,United States,Non-Profit
6cd758e7-135a-f111-a825-00224805f705,KYTTjUmPDhonRGCabIj/KYPdZ90QlolM/wMSynsRUvrq7vnvtczQKnU81YWdBoHH3CduNJ6mv3LugXPV0LcREQ==,2026-08-10 20:48:24,Food Gatherers,(823) 9468399,Ann Arbor,1 Carrot Way,,MI,Washtenaw,United States,Non-Profit
199b61e1-135a-f111-a825-00224805f705,H+xx1sOqxktzG0cX6JBrvE4mi8r20Ss/gpZjEyIzel9C+SGiMprUfPqX+uMz2wK4HsJ0jPYdMp2n1MRCsLcV+w==,2026-08-10 20:50:09,Second Harvest Heartland,(494) 5198208,Brooklyn Park,7101 Winnetka Avenue N,,MN,Hennepin,United States,Non-Profit
858ef6c8-145a-f111-a825-00224805f705,RvrvfmSdxX0SIYIILeyAYYIiMjcmpDrmENH2oq3KJgwcJpRfNLLgPbrnI0IySldhllNDZaDnO6wLY6oB18KZVw==,2026-08-10 20:50:10,Channel One Regional Food Bank,(705) 3082824,Rochester,131 35th Street SE,,MN,Olmsted,United States,Non-Profit
abbe8620-eb5d-f111-a826-00224805f8a7,3UiXRi8QqhBkm5K8lYDYdVMXJDL5OhXrT212vPbX2GbqMrLOGwSLPx8mxzRe3oed9z7myUnjG2MdudnVNYBU+g==,2026-08-10 20:49:01,Food Bank of Iowa,(989) 3724000,Des Moines,2220 E 17th Street,,IA,Polk,United States,Non-Profit
ef59d033-195a-f111-a826-00224805f122,wxgQtkCZYZS4iKUrrF/9vGExoCqxwnipx1eOW1bX+xvle5iLRsP1a/kcF1K8B+c2nMuK5SFf4+UT6Aa7jJcXAA==,2026-08-10 20:48:25,Harvesters Community Food Network,(416) 7852015,Kansas City,3801 Topping Avenue,,MO,Jackson,United States,Non-Profit
549a61e1-135a-f111-a825-00224805f705,r3XlJ4TVPMdgYBoW1YsXAfb2jAYFPaDs2Iin5omwHAQ6KBFPwvnge/saWBz5GjDpGiuQ+nbZkgIXB6yLKnKPBw==,2026-08-10 20:49:02,St. Louis Area Foodbank,(468) 6588775,Bridgeton,70 Corporate Woods Drive,,MO,St. Louis,United States,Non-Profit
280251ed-135a-f111-a825-00224805f705,8Rxw1b6RubgcQb5HbTHtsWzFHwrVxfzVeDgOUUAiW9D8jxJ+mX2X7TjGlidwYTGz+SP44febQWs0GkMGK1W9SQ==,2026-08-10 20:47:46,Food Bank for the Heartland,(502) 4412718,Omaha,10525 J Street,,NE,Douglas,United States,Non-Profit
d5d658e7-135a-f111-a825-00224805f705,PHbUsLxQvCfFVk4nI33AUPnuZkDs2Jc72S/w2sB6lTLPvo38S5NRS+iQDqsAVWqk14A755L4TIbm+L0+sZhHWw==,2026-08-10 20:48:24,Wichita Falls Area Food Bank,(270) 9118970,Wichita Falls,1230 Midwestern Parkway,,TX,Wichita,United States,Non-Profit
e7e654a3-195a-f111-a826-00224805f122,LvITFaYDRAkqY5lRz8r2KmLrL9NoDVW1mx0ywN97RUSwfD0E7yorj+Xn6H7M6XZu6jbJnnosrrAk/Hd3bIg0GQ==,2026-08-10 20:49:02,North Texas Food Bank,(183) 8092410,Plano,3677 Mapleshade Lane,,TX,Collin,United States,Non-Profit
e99a61e1-135a-f111-a825-00224805f705,+bSYw9JzHcXxNr8308TnTKc04Smou5or6tXzma0Ib+6aHSAgFyVoHj+ZSpYzAOwEYjK5JSg7gd3hXIJoMXQ4IQ==,2026-08-10 20:50:09,Central Texas Food Bank,(613) 1060267,Austin,6500 Metropolis Drive,,TX,Travis,United States,Non-Profit
f44f1505-5d6e-f111-9b47-6045bd484aff,GbHZbZ7STrUxgRYFC1l+aE+3Yo4n0FhK+LcMlWYF5EwHcnoGpYkKtF3suobN/1pvYrKJk1sghNuDf4FETO8B6w==,2026-08-10 20:48:25,Houston Food Bank,(156) 1765740,Houston,535 Portwall Street,,TX,Harris,United States,Non-Profit
dbd758e7-135a-f111-a825-00224805f705,nRVekPTVnPgFRjOcQSfmIqXfr+ruuNMdf9xSgTVVzWNNPS6vSrFJYaGFO/qGRnYbFTKTzfa/BSf0A1fznT106w==,2026-08-10 20:49:01,San Antonio Food Bank,(435) 4957020,San Antonio,5200 Enrique M Barrera Parkway,,TX,Bexar,United States,Non-Profit
d3feb6cd-135a-f111-a825-00224805f705,1fM1XxSuTYfCmeiKeEkIN6woylH5Wd6bqUPMBpeWNQ9a4obnBVPXr9deYwwloYMYtiXs4x4i+lhftLUAcAgZ2w==,2026-08-10 20:50:10,Tarrant Area Food Bank,(341) 5303520,Fort Worth,2600 Cullen Street,,TX,Tarrant,United States,Non-Profit
f86cd086-125a-f111-a825-7ced8d711c90,UtpPVMhBP9L182TJ5G/Svh+lsS+iF2uFwztcQoRjuczBVd9aPVFoSQ3eOfyXFm/cKbNVhwE3QFu5kJubLmNaIA==,2026-08-10 20:47:46,Feeding Tampa Bay,(140) 6187395,Tampa,4702 Transport Drive,,FL,Hillsborough,United States,Non-Profit
4cf16c1c-e96b-f111-ab0f-00224805fc48,GLn24rv6tE0MmBO6M7EwYxUUqgcAb1uMBcDNDneoHVIN6wTXkHEDJ+PgA6s5XuIo/bXbRob3mKPVBe0kfuZ7+w==,2026-08-10 20:48:25,Second Harvest Food Bank of Central Florida,(235) 8764777,Orlando,411 Mercy Drive,,FL,Orange,United States,Non-Profit
9fc74f02-d469-f111-ab0e-00224805f8ba,JtJj2lMzPS3+FHG1Kz6GK+veKC0pQe7fn1i8bdfOkcSwZKS2mC7bGDSwi39rERH9RdCoRL7+4onpy+aUK9ZD2w==,2026-08-10 20:48:26,Feeding South Florida,+61 331 827 6184,Pembroke Park,2501 SW 32 Terrace,,FL,Broward,United States,Non-Profit
f99a61e1-135a-f111-a825-00224805f705,87merzDiTsngk6sKgCEEtFvv+MAOp+7N0pbEMZLW+Oosvi/bPAC4GhXeH97pNP2r+ghOcuxEUOWwQ9rkhZiiCA==,2026-08-10 20:49:02,Atlanta Community Food Bank,(637) 2735261,East Point,3400 N Desert Drive,,GA,Fulton,United States,Non-Profit
64d858e7-135a-f111-a825-00224805f705,lT//1UCbahxWo1zLGHfQrcRoTCi2tNF7C2YTYql/mw2TLjFGouPNnsbzfyW91CyuYrfZaZFG6vXiohcaKHqVZw==,2026-08-10 20:49:41,Golden Harvest Food Bank,(225) 1768510,Augusta,3310 Commerce Drive,,GA,Richmond,United States,Non-Profit
93d558e7-135a-f111-a825-00224805f705,XGeZI7Erbr48wAhvDQqexavfOUWIGQ3vL7xhdx84vBbHapAdZ+N4XcSxBAFAKqsyl10V4ob2xfFNmQ9llAnBeQ==,2026-08-10 20:48:25,Second Harvest Food Bank of Metrolina,(727) 5883107,Charlotte,500 Spratt Street B,,NC,Mecklenburg,United States,Non-Profit
bdc7213c-ee94-f111-b8dc-000d3a340c29,cZlUzsGHNWBDcGr3S9he6E12TXSs3FGgLgp78IMe37bsh3ycYO0YR88UqYtTnb2va+3cOl72qn43D1R4ta08mQ==,2026-08-10 20:39:10,Food Bank of Central and Eastern North Carolina,,Raleigh,1924 Capital Boulevard,,NC,Wake,United States,Non-Profit
38d658e7-135a-f111-a825-00224805f705,o5iEn3kcoI0kOa7yd3K21ZdxEC20LtU23a2Jl3c3HV9Sla0FOhomCaR1Ihy+CnFcOC/9Mkq3HS4yKDcO1RvLSQ==,2026-08-10 20:49:41,Lowcountry Food Bank,(972) 8243302,North Charleston,2864 Azalea Drive,,SC,Charleston,United States,Non-Profit
c4b1c6fe-ed6b-f111-9b47-6045bd484aff,ShdZsQcJ53hcMTfeHVqKrtKbwmwwNkryJLjPSlMsyd6c0DU8Inf/EXQxnmhbVV+Eemo1FZdvEQizIF+yEukjUA==,2026-08-10 20:50:11,Harvest Hope Food Bank,(831) 8839796,Columbia,2220 Shop Road,,SC,Richland,United States,Non-Profit
b1d658e7-135a-f111-a825-00224805f705,rVF6OWnEd3UINrNOHYAIG1m1MzJ94WTBKPYm73FzY1KUGNuVfCnSziTw8S9izULSWMhLk0rYlihOvbt5oTHalw==,2026-08-10 20:48:25,Manna FoodBank,(943) 5186640,Asheville,627 Swannanoa River Road,,NC,Buncombe,United States,Non-Profit
02d658e7-135a-f111-a825-00224805f705,MwyQqPm/4y77rhfswcBfdFGpC89QAry3yAZCyJZnux+uTR/zyC90BEbVvhes8ZQN7QTEwuWjQdoNYl3Z3HuHyA==,2026-08-10 20:49:41,Community Food Bank of Central Alabama,(721) 7371402,Birmingham,107 Walter Davis Drive,,AL,Jefferson,United States,Non-Profit
f9d758e7-135a-f111-a825-00224805f705,5wkTySb741mm22jFE1FQ7Ukj08x06crpRNlU/p7XAaeHrh7VqR59KbHeFUFsgU+yQwomHPjXgC5gib04l8eR/A==,2026-08-10 20:50:10,Mid-South Food Bank,(317) 5402903,Memphis,3865 S Perkins Road,,TN,Shelby,United States,Non-Profit
00d858e7-135a-f111-a825-00224805f705,8TK4tG9IZnkv7VMXqILd3FJvwibSbjuLXSrsU8CHvcJgiRN0JMLqUhWwnh693krPm2Q5IRFTjrrjkGk9DcGd5A==,2026-08-10 20:49:41,Second Harvest Food Bank of Middle Tennessee,(918) 1678417,Nashville,331 Great Circle Road,,TN,Davidson,United States,Non-Profit
4e99bc73-195a-f111-a826-00224805f122,0oniOdkX+NpKPNG0v+hX73eD6fGZFDXUbNj/YFD0rKPrMJlV+k7nypiP+uodKDu6ggDiaGe7XUIUw79aUR9i9A==,2026-08-10 20:50:09,Arkansas Foodbank,(278) 4651059,Little Rock,4301 W 65th Street,,AR,Pulaski,United States,Non-Profit
00d658e7-135a-f111-a825-00224805f705,gXYkq9Aj6vXpIzaPpEa4zQbTOV3aWPUxT0XIhgLqE842sXvR+ZSGeGeFmbKN7P4n7K59BJpvVhRv6pGi2g2Cjw==,2026-08-10 20:49:02,Regional Food Bank of Oklahoma,(223) 9073046,Oklahoma City,3355 S Purdue Avenue,,OK,Oklahoma,United States,Non-Profit
046dd086-125a-f111-a825-7ced8d711c90,youGyqGNwWkVK63YqJErl9wKhkUCteRkPiXZl4kQ9TuqhlF3FWJU0qGZZ2dHdPzyAHsYULcEnCMlVfl2j5R19w==,2026-08-10 20:48:25,Food Bank of Eastern Oklahoma,(143) 8189126,Tulsa,1304 N Kenosha Avenue,,OK,Tulsa,United States,Non-Profit
4ad758e7-135a-f111-a825-00224805f705,7n8uyXpFJ+mx6h3gk7gfeYsNmvLT+IR9rPBaVUaEM9IjgnfT406B0DYwh7oRwWpKe3hvOsLoSzXDmnHDs9N+WA==,2026-08-10 20:49:02,Roadrunner Food Bank,(812) 3150511,Albuquerque,5840 Office Boulevard NE,,NM,Bernalillo,United States,Non-Profit
59093ecc-195a-f111-a826-00224805f122,lo94im7a95RCcsuLVCV3cmjOLPWeglApwP1Chv6TDKZSuvLhm1C34tJS6MAp4kLM2b7ACwDKlTNhlWNsakCaZQ==,2026-08-10 20:47:46,Community Food Bank of Southern Arizona,(592) 6005353,Tucson,3003 S Country Club Road,,AZ,Pima,United States,Non-Profit
cae1e1e1-2361-f111-ab0c-00224805fc48,D/stE+6Tc1nuB84j2e00CqGNCqmGFzFyDixZvyPxpCuiascOJTEtog1AE8ae0QQfvPtTEcTu0WUFv6ZclbU9Vg==,2026-08-10 20:49:02,St. Marys Food Bank,(756) 9364904,Phoenix,2831 N 31st Avenue,,AZ,Maricopa,United States,Non-Profit
42d758e7-135a-f111-a825-00224805f705,VaY+8vLqRn/00EezYB7F2P04IDoPt39Vwy4l5r4aTlY6wxSrYW73TtZRLkLbTtX+X6F4rqaOKs+/b20xP6BHGQ==,2026-08-10 20:49:41,Food Bank of Northern Nevada,(773) 2089800,Sparks,550 Italy Drive,,NV,Washoe,United States,Non-Profit
fc1d1f68-1f6c-f111-ab0f-00224805f8ba,XsBeCmN7bzj/bt7FCINb4p2SYnSNT4I5NIzR9mRXmIP88GM3UUTZJJL676pIYlCnV6xRS9Ofh3J7DhQJrcTZWg==,2026-08-10 20:50:09,Food Bank of the Rockies,(155) 6201931,Denver,10700 E 45th Avenue,,CO,Denver,United States,Non-Profit
70935066-d569-f111-ab0e-00224805f8ba,K/OzROWov7yVL7T8Ax4v9ir5A1gaDDq4qMAazK2yI0iodTI35Dkc0G6dJc30GO6Jv0HjYUJnoEmw2ReS+msMtA==,2026-08-10 20:49:01,Utah Food Bank,(731) 5311769,Salt Lake City,3150 S 900 W,,UT,Salt Lake,United States,Non-Profit
569a61e1-135a-f111-a825-00224805f705,tCegfbhshMkDaYxF34hBS6KzRrVFUujFZX//b7IUmEISqp323K/SPiCO9kLU+O0502OZn0pl3LCKXm8fusPuuA==,2026-08-10 20:49:01,Idaho Foodbank,(100) 4988863,Meridian,3630 E Commercial Court,,ID,Ada,United States,Non-Profit
3fd758e7-135a-f111-a825-00224805f705,3ItowMV78Lht8FkxVuPo9NI+I+c4bbIyBj3UCFEjC/HXJ07UnKTdTH0c6ZzIaG3sxCNmRBelAepmGtEeNr4xoQ==,2026-08-10 20:49:02,Oregon Food Bank,(402) 7283080,Portland,7900 NE 33rd Drive,,OR,Multnomah,United States,Non-Profit
dbdd0b93-4a1b-4848-b83a-39352f6b2e7a,aFkv8JczXdqpU291NALqj68sTAOB8+zIE2mYmAqsqCWHJmmu+aySrhmjJRmLwK3e4va8z11SpEdvax9DXy0uNw==,2026-08-10 20:48:25,Second Harvest Inland Northwest,(645) 2880261,Spokane,1234 E Front Avenue,,WA,Spokane,United States,Non-Profit
e34a47d9-df94-f111-b8dc-000d3a340c29,3Im5ldMlj4reoMQZkL3d2yppKv0W9xG4laMYbbMpMoT9Ist1b/qeSE+IXVkjyGOi4IAgbujGxF/3qf3Um2IWow==,2026-08-10 20:39:10,Food Lifeline,206-211-2131,Seattle,815 S 96th Street,,WA,King,United States,Non-Profit
6d8bf7d6-1a5a-f111-a826-00224805f122,CXRZZQ46nMv44LUtLjMt32wBl0hcTQscsYGnSGUFVW/oYZzysjPbgUnhJrT4H+lIeAponblPEJ7Ix2LmshEWIA==,2026-08-10 20:49:01,Lancaster Valley Egg Farms,(251) 2142751,Lancaster,1750 Mill Creek Road,,PA,Lancaster,United States,Agriculture
68b1bcbb-145a-f111-a825-00224805f705,OMHr1sXRSTtOPdBmCHpiZncWpRtzANGdtaflqnTJ6o4v15Nvc/0hvfjqJCgvkttDzgdpQI6m02syXR4dn2jjYg==,2026-08-10 20:48:25,Keystone Cage-Free Farms,(946) 4775642,Manheim,2400 Doe Run Road,,PA,Lancaster,United States,Agriculture
e3b45d9d-f94e-f111-bec6-00224805f122,UnSnpY6RyTtrTfk3b8PWHPK8YtI43LX9lz/bhz/yl4HprMlej25RaIw1u78mrbYjvsM/lKNNBq373E4mfYUrQw==,2026-08-10 20:50:09,Susquehanna Poultry Cooperative,(136) 9331896,Ephrata,1200 Meadow Valley Road,,PA,Lancaster,United States,Agriculture
a0d558e7-135a-f111-a825-00224805f705,3K1vDCoskkkFJ62d2AdjuUbuBySJ7hEHgiXdZgsXg0aZpedIJ/H74Nut+EnEFwKijQqMrMjuUkp7tKMWvdY9ag==,2026-08-10 20:49:41,Penn Dutch Protein Farms,(954) 6927272,Lititz,615 Newport Road,,PA,Lancaster,United States,Agriculture
1dd658e7-135a-f111-a825-00224805f705,G8VTeb8Y4FuLekZrUfG+Ek61cS8kn01pChCTskLVlCESSZ9YoozUpC8lPMk/A3/Bcu5chCd4j0Dh256AphWL/g==,2026-08-10 20:48:25,Blue Mountain Layer Farms,(832) 1509975,Hamburg,430 Mountain Road,,PA,Berks,United States,Agriculture
d672dc69-145a-f111-a825-00224805f705,iDtDk9N/8oaqyJ5/WlTiSnVIdXisRB/D0Xd2O1tL7ddPTAa3mkDPvlWh2A5oAx14dzaZ3DHWmYvf95yWroHseA==,2026-08-10 20:47:46,Cumberland Valley Egg Producers,(791) 6559178,Carlisle,88 Farm Lane,,PA,Cumberland,United States,Agriculture
87a52514-f35d-f111-a826-00224805f8a7,zrLWG5ih4D+0Dp2W/ZIjTIybxh/h+NzTraRxk0AYdARdcksub2KUFllGwICl8OFKiruj1bKJLd/AlQZYvG3pZw==,2026-08-10 20:49:02,Juniata River Family Farms,(651) 3977622,Mifflintown,375 River Road,,PA,Juniata,United States,Agriculture
616bf4a9-195a-f111-a826-00224805f122,DiSNi8Cg0tYGk5WEu1FJ1DD6R95/XprKnCkxSlVwEJmXBtZ7h8W3z4K8s+Ktt2/kb7czGGvK/2641VjEM7aoWA==,2026-08-10 20:49:01,Lebanon County Poultry Farms,(476) 3580690,Myerstown,802 Farm Crest Drive,,PA,Lebanon,United States,Agriculture
43c7213c-ee94-f111-b8dc-000d3a340c29,5vze3T+r6l0KHaZdZUpiIqYBZtVZP5XtPJL+UfLGJECMa1hb2AjW9tluFKR++KvME4gF4PmkAROmwiahudKKPg==,2026-08-10 20:39:12,York Heritage Farms,,Dover,1048 Canal Road,,PA,York,United States,Agriculture
a4cea450-cb0c-ea11-a813-000d3a1b1223,pSe6SNkyPIs1BoH7fLUZozixUmXRTaeY+d0bWXhddG8iCch5vPf/ePdlAJzykOFdRd/4/GA3dB+EnjEySPjp2Q==,2026-08-10 20:39:30,Mifflin Ridge Egg Co-op,(205) 8384557,Lewistown,250 Ridge Road,,PA,Mifflin,United States,Agriculture
1bcd6f3c-ee94-f111-b8dc-000d3a3408fb,kFMLpyvAHb+3BmV44s5Gy/LKjpQIT1ejYk8xjdWYOpPhl1vIHCp0DvqIXaqa/j/SdOp5MWUiRbseCbChHa6nfw==,2026-08-10 20:39:10,Adams County Layer Farms,,Gettysburg,980 Table Rock Road,,PA,Adams,United States,Agriculture
cbd758e7-135a-f111-a825-00224805f705,Kv75fX6LVAtYE3tMu4VSUp6IV9X/BHRgJ6FkR90mV3NL3GxTcx5QNoLWuLbGOmtlyrPUD5ViextuBPQrzg/Zag==,2026-08-10 20:48:25,Franklin County Protein Farms,(906) 1421369,Chambersburg,760 Orchard Road,,PA,Franklin,United States,Agriculture
e35901bf-195a-f111-a826-00224805f122,izBRok6hJdRf0vZ0LfNIIZh1OD6xBGT9mXolK0jtgvDbyIKCW5Y/I9ryE3OPOjlQlIXn4xizMK8wTewP6kWLeg==,2026-08-10 20:49:41,Nittany Valley Farm Partners,(910) 1247886,Bellefonte,405 Zion Road,,PA,Centre,United States,Agriculture
fc6cd086-125a-f111-a825-7ced8d711c90,m/qcllHUayEcnXFkEMQehZr1xJsk6m4qxnEgw+SdL0zu6v0DKErXYmVVABz4zBeb49oN+JQ0yv5KHpjMJwIFqw==,2026-08-10 20:50:10,Twin Valley Poultry Farms,(467) 3500201,Elverson,1050 Twin Valley Road,,PA,Chester,United States,Agriculture
c20251ed-135a-f111-a825-00224805f705,OEno/kn0xWld5/lnqU2duP1aVERcHETYcZhSNgGQQ5vJW9WAZdjOi7rsWRjiBX7opl4TbWzgwUB5iTfn2WKkdw==,2026-08-10 20:48:25,Allegheny Plateau Farms,(857) 2724119,Altoona,58 Plank Road,,PA,Blair,United States,Agriculture
f46cd086-125a-f111-a825-7ced8d711c90,W3sYtSSn3ETKA7q0Kt/lS/0q0uhHoKX9nJHgEd5uchw6MkRZLg41mLPKw16IfxsvEIVbQ4yigGiYVDSooR9psA==,2026-08-10 20:50:09,Snyder County Egg Producers,(494) 6512933,Selinsgrove,412 Produce Road,,PA,Snyder,United States,Agriculture
fe6cd086-125a-f111-a825-7ced8d711c90,Bb+IWXEFq6TUKQtX4kg4BtuGJTG8SdB0kYKvFBm+dCqAk8g5WwiKP7KuFx9jAEmIy8bRnDvWjWVsX8gGENq73g==,2026-08-10 20:49:02,Northumberland Poultry Cooperative,(999) 3232328,Sunbury,740 Valley Road,,PA,Northumberland,United States,Agriculture
aa1969ee-145a-f111-a825-00224805f705,g5oy874xKz0SxFJK1fY531F+EfXhPr5+wfymuTUbFZJCJMklC+ojXNfYAO+LpGgt0zMBF4KlzJFyvlLAAHPhQQ==,2026-08-10 20:49:40,Happy Valley Cage-Free Farms,(260) 4280444,State College,1800 Fox Hill Road,,PA,Centre,United States,Agriculture
45c7213c-ee94-f111-b8dc-000d3a340c29,zs8zyeWYslR1WspHYJUM5txEcw58FclkP0mlGcVWitkqsyqadAbhDD6CU/PnpPVb/Qdx/Cm1Pz4k9zA4WKW6Cg==,2026-08-10 20:39:10,Chester County Protein Farms,,Downingtown,225 Horseshoe Pike,,PA,Chester,United States,Agriculture
41c7213c-ee94-f111-b8dc-000d3a340c29,E54u3YUqR87lNlCtWrm7qfo5SPY4E79E4TMWGHho3IUMY2jQ9oQHCf1nprfkN8DK4S5ALw55bXzWTT8Gm8L/SA==,2026-08-10 20:39:11,Dauphin County Farm Supply,,Harrisburg,301 Farmstead Lane,,PA,Dauphin,United States,Agriculture
769a61e1-135a-f111-a825-00224805f705,rsqOE/pVQvJnOQ2sH4z0mTXGtG7CzmvLcJytac38cbw5AxTzLzGW9Uog2Ku7Cu1G+LuRX6AEM0sx6UgOjP/KLA==,2026-08-10 20:48:25,Delmarva Protein Farms,(558) 3049829,Salisbury,905 Farm Market Road,,MD,Wicomico,United States,Agriculture
88cea450-cb0c-ea11-a813-000d3a1b1223,fvqhWWXzgc65MYhkfvxygfKscPgSenxgGLzq7c1I6LBelts0D+3au/SMmQ9KOeEy3wS6MgB6fZSWiIZNsuB6Ag==,2026-08-10 20:39:10,Garden State Egg Cooperative,(763) 7136502,Vineland,440 Poultry Lane,,NJ,Cumberland,United States,Agriculture
026dd086-125a-f111-a825-7ced8d711c90,2g/kcK77HW435dsEvH5JfB5XyLU9+v3TnwFb0ZKDutxbn5w6N8CZMq4Fn/jocA+DHJThxtWe+/4jANtvBcsAig==,2026-08-10 20:50:09,Shenandoah Valley Egg Producers,(684) 8411226,Harrisonburg,1190 Valley Pike,,VA,Rockingham,United States,Agriculture
